{"+AdyGuoLzFj44Hzxe/+qhA==":"screen%20shot%202021-04-22%20at%2012.39.34%20pm-1272x1912.png","hpVWa7nLrrExBlZGBcMR7Q==":"screen%20shot%202021-04-22%20at%2012.39.34%20pm-696x1046.png","wZ5RHsFHip5Drz1EMOvd7A==":"screen%20shot%202021-04-22%20at%2012.39.34%20pm-696x1046.png","MTOSVZQZippET6rFOm+Wlg==":"screen%20shot%202021-04-22%20at%2012.39.34%20pm-696x1046.png","+ADYsu5c+0NfNpqZhmYyYg==":"img-1923-1076x605.jpg","Q/gj6xnptQyi4Gt2WRn0zA==":"screen%20shot%202021-04-22%20at%2012.39.34%20pm-1272x1912.png","dRnPjmjQJFYlb+N+nEHAJw==":"img-1583-1076x604.jpeg","ZO9tnzKYS8hjGDujXPLkjA==":"img-1614-1076x604.jpg","ZebbAhlGzk3L+ZRpJPVbNg==":"maduros-1224x1224.jpg","djBZoW/NrLqRxX8NiJmz1g==":"maduros-1224x1224.jpeg","TCqnA4tcO1G4flnB2pe6PA==":"cuban-style-beef-picadillo-6-900x1350.jpeg","LmYnhxPxihgllNXNY+VzcA==":"recipe-for-cuban-black-beans-1024x682.jpeg","dG8ktteqkTwVDcGjwbWDyA==":"maduros-1-1224x1224.jpeg","xuiyg1xhIIGr21l05/I6tA==":"cuban-style-beef-picadillo-7-900x1350.jpeg","Fex8E8iwkBM7LLktMAxbPw==":"recipe-for-cuban-black-beans-1024x682.jpg"}